year,state_abbr,state,population,violent_crime,homicide,robbery,aggravated_assault,property_crime,burglary,larceny,motor_vehicle_theft,violent_crime_rate,property_crime_rate,homicide_rate,robbery_rate,aggravated_assault_rate
2015,AK,Alaska,737709,5391,59,761,3671,20806,3511,15249,2046,730.7759563730415,2820.3532829340566,7.99773352365228,103.15720697456587,497.6216909377546
2015,AL,Alabama,4853875,22957,348,4612,15960,144785,35265,99182,10338,472.96232391645856,2982.8745074811363,7.169529499626587,95.01686796631557,328.80945636218485
2015,AR,Arkansas,2977853,15769,189,2117,11455,97391,22851,68720,5820,529.542593271058,3270.5106665775647,6.3468545962477,71.09148772622423,384.6731185186106
2015,AZ,Arizona,6817565,27968,306,6360,18193,207184,38010,152388,16786,410.2344458762036,3038.9735924776664,4.488406051134093,93.28843949415958,266.8548081316423
2015,CA,California,38993940,166883,1861,52862,99349,1024914,197404,656517,170993,427.9716284120045,2628.39302722423,4.772536450535648,135.56465440527427,254.7806146288372
2015,CO,Colorado,5448819,17348,173,3315,10532,144044,23490,104532,16022,318.3809188743469,2643.5820312621872,3.174999940354047,60.83887168944316,193.2895917445597
2015,CT,Connecticut,3584730,7938,116,2925,4099,65610,10286,48898,6426,221.43927157693886,1830.2633671155152,3.2359480351379326,81.59610347222804,114.346129276124
2015,DC,District of Columbia,670377,8538,162,3746,4136,31444,2971,25208,3265,1273.6117140057013,4690.495049800336,24.16550687150663,558.7900539547151,616.9662742009347
2015,DE,Delaware,944076,4760,62,1240,3097,25545,4797,19555,1193,504.19669602870954,2705.8202941288623,6.567267889449579,131.34535778899155,328.0456234455701
2015,FL,Florida,20244914,93625,1041,21137,63895,570270,109268,420341,40661,462.46183115423463,2816.8556309994697,5.142032216091409,104.40646969406735,315.6101329943906
2015,GA,Georgia,10199398,38891,622,12545,22467,316013,68149,220715,27149,381.3068183043744,3098.3495300408904,6.098399140812036,122.99745534001124,220.27770658621225
2015,HI,Hawaii,1431603,4201,19,1085,1878,45389,6810,33140,5439,293.4472755365838,3170.5018779647708,1.327183583716994,75.78916780699677,131.18161948529027
2015,IA,Iowa,3121997,8619,73,1050,6291,64688,14977,45328,4383,276.07329539394175,2072.007115958151,2.3382469618004116,33.632319313567564,201.50563885871767
2015,ID,Idaho,1652828,3593,32,191,2667,28912,6124,20916,1872,217.38499105775074,1749.2443254833534,1.9360756231138387,11.555951375460726,161.35980271389403
2015,IL,Illinois,12839047,49755,754,15056,29019,256962,46846,192424,17692,387.52876284353505,2001.4102292794785,5.87271002279219,117.26727069384512,226.0214484766665
2015,IN,Indiana,6612768,25373,370,7081,15536,171878,34404,123940,13534,383.6971144307497,2599.1838818479646,5.595236366979758,107.08072625563152,234.93943837134464
2015,KS,Kansas,2906721,11483,126,1823,7850,80059,15619,57435,7005,395.04995491483356,2754.271909825539,4.33478135672464,62.716717565944585,270.06375912927314
2015,KY,Kentucky,4424611,9887,219,3314,4710,97545,22526,67143,7876,223.45467206043648,2204.6005852265885,4.94958765866649,74.8992397297751,106.4500359466629
2015,LA,Louisiana,4668960,25202,492,5561,17416,157708,35457,112520,9731,539.7775950104519,3377.797196806141,10.537678626503546,119.10575374387444,373.0166889414345
2015,MA,Massachusetts,6784240,26453,131,5266,18974,114547,21826,84676,8045,389.91839911323893,1688.4278858059265,1.930945839180218,77.62107472612998,279.67760574507975
2015,MD,Maryland,5994983,28185,538,10111,15819,142547,26432,102701,13414,470.14311800383757,2377.7715466415834,8.97417056895741,168.6576926073018,263.87063983334065
2015,ME,Maine,1329453,1726,23,311,931,24361,4694,18853,814,129.8278314464671,1832.4077646972103,1.7300348338752856,23.393079710226687,70.02880131903873
2015,MI,Michigan,9917715,41712,585,7818,26599,191191,40375,132019,18797,420.58074869060056,1927.7726774766163,5.898536104334517,78.82864147638846,268.19685784477576
2015,MN,Minnesota,5482435,13319,133,3771,7094,121984,19299,94704,7981,242.93949677469953,2224.996739587428,2.4259293543835905,68.78330522842496,129.3950589473473
2015,MO,Missouri,6076204,30292,503,6383,20833,173788,34029,122749,17010,498.5349405648658,2860.1409695921993,8.278194741322048,105.04913923232333,342.86208955459693
2015,MS,Mississippi,2989390,8190,253,2312,4467,85785,25068,56446,4271,273.96893680650567,2869.648991934809,8.463265080835889,77.34019314977303,149.4284787197388
2015,MT,Montana,1032073,3647,38,210,2827,27276,3887,20966,2423,353.3664769837017,2642.836310997381,3.681910097444657,20.347397906931,273.9147327756855
2015,NC,North Carolina,10035186,34734,517,8821,22805,275915,74760,187732,13423,346.1221346569959,2749.4756948202057,5.151872620995764,87.90071255281168,227.25039675398142
2015,ND,North Dakota,756835,1949,21,159,1378,17716,3296,12686,1734,257.51980286323965,2340.8008350565183,2.7747131144833417,21.008542152516732,182.07403198847834
2015,NE,Nebraska,1893765,5167,62,994,3226,42597,6443,32148,4006,272.8427233579668,2249.3287181883707,3.2739014608465147,52.488033098087676,170.3484856885622
2015,NH,New Hampshire,1330111,2692,15,475,1558,23453,3482,19076,895,202.3891239152221,1763.2363013312422,1.1277254304340014,35.711305297076706,117.1330813744116
2015,NJ,New Jersey,8935421,22879,363,9729,11414,145701,27960,105963,11778,256.0483719793393,1630.6002817326682,4.062483457690465,108.88127151479489,127.73880492032777
2015,NM,New Mexico,2080328,13672,117,2485,9407,77212,17084,51485,8643,657.2040562834322,3711.5301048680785,5.624113120623286,119.45231713460569,452.1883087666945
2015,NV,Nevada,2883758,20118,178,6287,11965,77137,22360,43426,11351,697.6313546421025,2674.877711652642,6.17250129865266,218.01413294735548,414.90998897965784
2015,NY,New York,19747183,75126,613,23879,44493,317225,44117,257837,15271,380.43907325920867,1606.4316616704266,3.104240235176835,120.9235767957384,225.31314972874867
2015,OH,Ohio,11605090,34373,522,12617,15793,303743,69994,216354,17395,296.1889998268001,2617.3256734760353,4.4980262970817115,108.7195359967049,136.08683775825952
2015,OK,Oklahoma,3907414,16746,240,3018,11535,114055,28783,74678,10594,428.56989302899564,2918.938203118482,6.14216973169467,77.23778437606049,295.2080327295751
2015,OR,Oregon,4024634,10680,110,2163,6757,119752,18541,90514,10697,265.36574505905384,2975.475533924327,2.7331677861887567,53.744017468420736,167.891043011613
2015,PA,Pennsylvania,12791904,40348,665,12965,22419,231941,39573,180236,12132,315.4182520444181,1813.185902583384,5.1986006148889174,101.35316837899971,175.25928900029268
2015,RI,Rhode Island,1055607,2565,31,547,1520,20038,3938,14714,1386,242.98815752453328,1898.244327671188,2.9366989798286673,51.81852716020261,143.99298223676044
2015,SC,South Carolina,4894834,24448,407,3950,17652,162830,34942,114778,13110,499.4653546984433,3326.5683780083245,8.31488871737019,80.69732293270823,360.62509985016857
2015,SD,South Dakota,857919,3302,33,215,2554,16739,2969,12576,1194,384.8848201287068,1951.1165972545193,3.8465169788756284,25.060640922977576,297.6971019408592
2015,TN,Tennessee,6595056,40816,418,7499,30098,196047,43753,139259,13035,618.8878456831906,2972.6358654119085,6.338081132290612,113.70638854317538,456.37216727196864
2015,TX,Texas,27429639,113193,1317,31924,67629,779234,153067,558653,67514,412.6667507363112,2840.846720585714,4.8013756214582335,116.38505340883269,246.55446613788828
2015,UT,Utah,2990632,7138,57,1329,4048,89797,12606,68464,8727,238.67864718895535,3002.609481875403,1.9059516516910135,44.43876745784838,135.35600501833727
2015,VA,Virginia,8367587,16705,390,4459,9357,157803,21542,128064,8197,199.639394248306,1885.884186205653,4.66084188906551,53.288958931649,111.82435270765635
2015,VT,Vermont,626088,747,10,105,482,9064,2034,6834,196,119.31230114616476,1447.7198093558732,1.5972195601896217,16.770805381991032,76.98598280113977
2015,WA,Washington,7160290,20505,218,5450,12059,249474,51114,171393,26967,286.3710827354758,3484.1326259131965,3.044569423864117,76.11423559660294,168.41496643292382
2015,WI,Wisconsin,5767891,17549,240,5234,10270,114171,19602,83572,10997,304.25332240155024,1979.4236749619574,4.160966287331019,90.74373978287731,178.05468237870653
2015,WV,West Virginia,1841053,6397,85,783,4819,38694,9467,26984,2243,347.46419576188197,2101.7319979381364,4.616923032634042,42.530008641793586,261.75237757956995
2015,WY,Wyoming,586555,1300,16,59,1054,11151,1762,8797,592,221.63309493568377,1901.1004935598537,2.7277919376699544,10.058732770157956,179.69329389400824
2016,AK,Alaska,741522,5966,52,850,4011,24876,4053,17766,3057,804.5614290607696,3354.721774943967,7.012603806765005,114.62910068750489,540.9144974795083
2016,AL,Alabama,4860545,25878,407,4687,18869,143259,34045,97498,11716,532.4094314526458,2947.385529811986,8.373546587882634,96.42951562016194,388.20749525001827
2016,AR,Arkansas,2988231,16563,217,2125,12007,98092,23814,67091,7187,554.274418543948,3282.6110163504763,7.261821458916663,71.11230691335442,401.809632521716
2016,AZ,Arizona,6908642,32542,389,7045,21804,207317,38216,150618,18483,471.0332363436982,3000.8357648290357,5.630629000605329,101.97373087214535,315.6047165275028
2016,CA,California,39296476,174796,1930,54789,104375,1002070,188304,637010,176756,444.81342296444086,2550.025096397957,4.911381875565636,139.42471584474902,265.60905868505864
2016,CO,Colorado,5530105,19030,189,3525,11681,152146,23825,108680,19641,344.1164317856532,2751.231667391487,3.417656626772909,63.74200851520902,211.22564580600186
2016,CT,Connecticut,3587685,8169,79,2711,4588,64875,10107,47642,7126,227.6955752804385,1808.2691206167765,2.201977040905208,75.56404756827871,127.88190713510244
2016,DC,District of Columbia,684336,8236,136,3500,4067,32377,2361,27089,2927,1203.5023731032709,4731.1554557994905,19.8732786233663,511.44467045427973,594.298707067873
2016,DE,Delaware,952698,4859,58,1359,3131,26370,5028,19812,1530,510.02521260672324,2767.9285565835135,6.087973313683874,142.64751264304113,328.64559388179674
2016,FL,Florida,20656589,88700,1111,20175,59816,553812,100325,410352,43135,429.4029377260689,2681.0428381955994,5.378429129804538,97.66859378380428,289.57346249179864
2016,GA,Georgia,10313620,40268,682,12114,24091,307305,62715,218127,26463,390.4351721316085,2979.6036697105383,6.612615163250148,117.45633443931422,233.5843282959814
2016,HI,Hawaii,1428683,3452,35,985,1831,42353,5983,30871,5499,241.62112938979465,2964.4784742311626,2.4498086699428776,68.94461542553526,128.15999070472597
2016,IA,Iowa,3130869,9170,73,1150,6669,65888,15306,45580,5002,292.8899292816148,2104.4636489102545,2.3316210291775223,36.73101621307055,213.0079540217109
2016,ID,Idaho,1680026,3876,49,213,2895,29357,6318,20962,2077,230.7107151913125,1747.4134328873483,2.916621528476345,12.678375215621662,172.31876173344935
2016,IL,Illinois,12835726,56054,1061,17829,32161,263256,48193,195196,19867,436.70299599726576,2050.963069794416,8.265991343224373,138.9013757383104,250.5584802916485
2016,IN,Indiana,6634007,26516,431,7291,16345,168460,33567,120454,14439,399.69810101195253,2539.340100183795,6.4968276337362925,109.9034113168708,246.38201316338677
2016,KS,Kansas,2907731,11665,132,1757,8158,82293,14759,60119,7415,401.17191033145775,2830.14487928904,4.539622131483277,60.425121856182706,280.56240415636796
2016,KY,Kentucky,4436113,10452,265,3371,5068,97713,20932,66833,9948,235.61167174956998,2202.6715730640767,5.973698145200539,75.98994885838121,114.24415924481636
2016,LA,Louisiana,4686157,26477,555,5575,18528,154511,34689,109492,10330,565.0045442352871,3297.179330526058,11.843393211110937,118.96741829179005,395.3772782260603
2016,MA,Massachusetts,6823721,25975,135,5365,18334,106430,19204,79155,8071,380.6574155068767,1559.7062072145095,1.978392727369715,78.62279246176682,268.6803871377508
2016,MD,Maryland,6024752,29019,536,10815,15841,139716,24832,100995,13889,481.66297965459825,2319.033214977148,8.896631761772102,179.50946362605464,262.9319845862535
2016,ME,Maine,1330232,1649,20,268,948,21908,4001,17131,776,123.96333872587638,1646.9307609499697,1.503497134334462,20.14686160008179,71.2657641674535
2016,MI,Michigan,9933445,45782,612,7123,30779,190249,39738,130249,20262,460.887436332511,1915.2368589145055,6.16100456588827,71.70724758631069,309.8522214599265
2016,MN,Minnesota,5525050,13365,101,3730,7185,117723,18582,90421,8720,241.89826336413245,2130.7137491968397,1.8280377553144314,67.51070126062207,130.04407199934843
2016,MO,Missouri,6091176,31720,538,6576,22049,170661,31716,120649,18296,520.7532995270535,2801.774238669183,8.832448775080543,107.9594482247763,361.9826450590165
2016,MS,Mississippi,2985415,8411,237,2433,4459,82521,23489,54725,4307,281.7363750098395,2764.1383191281616,7.938594801727732,81.49620739495178,149.3594692865146
2016,MT,Montana,1038656,3886,37,268,2983,28156,3966,21427,2763,374.13734672499845,2710.8108940785014,3.5622958900733255,25.802575636206793,287.19807135374947
2016,NC,North Carolina,10156689,37767,678,9336,24906,277765,72082,190377,15306,371.8436195102558,2734.798712454423,6.675403765931988,91.91971911318737,245.21770825118304
2016,ND,North Dakota,755548,1905,16,181,1352,17451,3248,12249,1954,252.13487428991937,2309.714273613324,2.1176682355058847,23.956121914160317,178.94296590024723
2016,NE,Nebraska,1907603,5661,49,946,3558,43197,6459,32009,4729,296.75986041120717,2264.4648807954277,2.5686686380761614,49.59103125755202,186.51679620969352
2016,NH,New Hampshire,1335015,2668,19,431,1609,20323,2989,16454,880,199.84794178342565,1522.3049928277958,1.4232049827155502,32.28428145002116,120.52299037838526
2016,NJ,New Jersey,8978416,21861,378,8940,11089,138012,25229,101459,11324,243.4839285682463,1537.1531013933861,4.210096747577746,99.57212942683876,123.5073090843641
2016,NM,New Mexico,2085432,14585,139,2737,10182,81930,17280,52907,11743,699.3754771193691,3928.682402495023,6.665285657839719,131.2437902554483,488.2441623606044
2016,NV,Nevada,2939254,19924,228,6338,11629,75922,18816,43949,13157,677.85907580631,2583.036375896741,7.75707033145145,215.63294631903196,395.6446091423198
2016,NY,New York,19836286,74315,629,22310,45095,305224,39850,250990,14384,374.6417046013553,1538.7154631668448,3.170956498610677,112.47065100795582,227.33590350532356
2016,OH,Ohio,11622554,35759,683,12574,16748,300945,67081,214102,19762,307.66903728732945,2589.319008541496,5.876505284466736,108.18620416820606,144.0991369022678
2016,OK,Oklahoma,3921207,17855,247,3174,12334,118010,29376,76358,12276,455.3444895921077,3009.5325240417046,6.2990808697424026,80.94446429377484,314.5460058599304
2016,OR,Oregon,4085989,10983,116,2307,6776,121716,16919,91507,13290,268.7966120319952,2978.8626450046736,2.8389699531741273,56.46123863769579,165.83500347161973
2016,PA,Pennsylvania,12787085,40389,674,12314,22942,222394,35178,174147,13069,315.8577580425875,1739.2079586551586,5.270943299430637,96.30029048841077,179.41540233759298
2016,RI,Rhode Island,1057566,2529,29,541,1514,18910,3650,14157,1103,239.1340114943181,1788.0680732928251,2.742145643865253,51.155199770037996,143.15891395903424
2016,SC,South Carolina,4959822,25137,358,4071,18217,161534,33149,114455,13930,506.812542869482,3256.850749885782,7.218000968583147,82.07955850028489,367.2914068287128
2016,SD,South Dakota,861542,3636,28,274,2808,17207,3002,12705,1500,422.033980931864,1997.2328685078617,3.249986651840537,31.80344080729668,325.9272327988653
2016,TN,Tennessee,6649404,42459,495,7829,31332,191199,40607,135353,15239,638.5384314143042,2875.4306400994733,7.444276208815105,117.73987563396659,471.2001256052422
2016,TX,Texas,27904862,121064,1478,33298,72842,769892,148796,552106,68990,433.845542758821,2758.988738234935,5.2965680317645,119.32687572509765,261.03694761149507
2016,UT,Utah,3044321,7406,74,1528,4244,90561,12938,68261,9362,243.27263780659138,2974.752005455404,2.4307554952319417,50.19181617181631,139.40711245627514
2016,VA,Virginia,8414380,18495,482,4826,10357,157292,20159,127285,9848,219.8022908402045,1869.3237053710434,5.728288952959101,57.35419603108013,123.08690598713154
2016,VT,Vermont,623354,851,14,78,589,9705,1884,7637,184,136.51953785489465,1556.9002525049973,2.2459148413261167,12.512954115959793,94.48884582436304
2016,WA,Washington,7280934,22101,195,5649,13124,254994,49249,173423,32322,303.54622085573084,3502.2155124603523,2.678227820771346,77.58619979249916,180.25159958873408
2016,WI,Wisconsin,5772917,17716,232,4707,10772,111911,19498,82455,9958,306.88125257993494,1938.5520353055483,4.018765556476907,81.53590290662416,186.59544213090194
2016,WV,West Virginia,1828637,6633,85,720,5144,37282,9127,25657,2498,362.7291802583017,2038.786265398764,4.64827081591371,39.37358808773967,281.3024126712956
2016,WY,Wyoming,584910,1431,20,59,1146,11460,1771,8889,800,244.6530235420834,1959.2757860183617,3.419329469491033,10.087021934998546,195.9275786018362
2017,AK,Alaska,739786,6338,62,952,4250,26203,4167,17782,4254,856.7342447680817,3541.97024544936,8.380802015718059,128.6858632090902,574.490460754867
2017,AL,Alabama,4875120,25469,419,4233,18816,143774,31270,99707,12797,522.4281658707888,2949.1376622524162,8.594660234004497,86.82863191059913,385.9597302220253
2017,AR,Arkansas,3002997,16996,249,1998,12609,94419,22369,64795,7255,565.9679313698948,3144.1589851738117,8.291716575141434,66.53353300053247,419.8805393411982
2017,AZ,Arizona,7048876,35647,422,7440,24163,204999,37722,148251,19026,505.7118326382816,2908.250904115777,5.986770089302181,105.54874280665457,342.7922409189777
2017,CA,California,39399349,178597,1830,56625,105418,987063,176679,642019,168365,453.2993679667144,2505.2774349139627,4.644746795181819,143.72064878533905,267.56279653250107
2017,CO,Colorado,5615902,20901,222,3868,12790,152032,22618,107470,21944,372.17529793076875,2707.16974762024,3.9530604344591485,68.8758457679639,227.74613944474103
2017,CT,Connecticut,3573880,8190,105,2813,4422,63646,8906,47418,7322,229.16270272085242,1780.8656138426586,2.9379833682160568,78.7099734742073,123.7310709928705
2017,DC,District of Columbia,695691,6976,116,2625,3791,29736,1809,25340,2587,1002.7440343485829,4274.311439992755,16.67406937850281,377.32269067732653,544.9258363267601
2017,DE,Delaware,957078,4377,51,1082,2893,23430,3960,18108,1362,457.32949665544504,2448.0763323365495,5.328719289336919,113.0524366875009,302.2742138049354
2017,FL,Florida,20976812,85606,1057,18597,58016,527125,88835,395375,42915,408.0982372345236,2512.8937609775976,5.038897235671464,88.65503490234836,276.5720548956629
2017,GA,Georgia,10413055,37118,681,9844,23947,297651,55363,216252,26036,356.45639055973487,2858.4406785520678,6.5398675028605915,94.53517723665149,229.97093552276448
2017,HI,Hawaii,1424203,3577,39,1077,1894,40392,5549,29574,5269,251.15801609742434,2836.1125485622483,2.738373672854221,75.62124219651271,132.98665990733062
2017,IA,Iowa,3143637,9038,98,1269,6366,65652,14711,45441,5500,287.50138772383707,2088.40906249672,3.1174082758282844,40.3672561431234,202.50429677472303
2017,ID,Idaho,1718904,4111,42,222,3092,28557,5837,20570,2150,239.16402544877434,1661.3493249186693,2.443417433434328,12.915206433867162,179.88206438521289
2017,IL,Illinois,12786196,55777,983,17731,31639,255108,43355,190860,20893,436.2282574113521,1995.1829300911702,7.687978504318251,138.67298765011893,247.44654313135825
2017,IN,Indiana,6660082,26307,413,7035,16247,158932,29799,114395,14738,394.9951366965151,2386.336985040124,6.201124851015348,105.62933008932923,243.94594541028172
2017,KS,Kansas,2910689,11654,134,1633,8383,79387,13102,58891,7394,400.38630028835104,2727.4298284701663,4.603720974655829,56.10355486278335,288.0074099294016
2017,KY,Kentucky,4453874,10292,265,2967,5243,95899,20535,65006,10358,231.07972969150003,2153.159249677921,5.949876444641227,66.6161638160397,117.71774414812812
2017,LA,Louisiana,4670818,25986,576,5385,18175,157272,34135,112042,11095,556.3479459058349,3367.1189928616354,12.331887048478446,115.29029818759797,389.1181373369718
2017,MA,Massachusetts,6863246,24318,172,4874,17073,97977,16916,73573,7488,354.32213853328295,1427.5606615295444,2.506102797422677,71.01595950371005,248.75984337440332
2017,MD,Maryland,6024891,30321,558,11189,16862,134705,23526,97657,13522,503.2622166940447,2235.808083498938,9.261578342247189,185.71290335377023,279.8722831666166
2017,ME,Maine,1335063,1610,23,249,868,20142,3337,16012,793,120.59356000428444,1508.692848202669,1.722765142918349,18.65080524289865,65.01565843709248
2017,MI,Michigan,9976447,44883,569,6508,30696,179839,35833,124410,19596,449.8896250338422,1802.6357479772107,5.703433296443112,65.23364480360593,307.68468974976764
2017,MN,Minnesota,5568155,13345,114,3627,7199,122430,18828,93602,10000,239.66646043438087,2198.7534470574183,2.0473567995143815,65.13827291086545,129.28878596231607
2017,MO,Missouri,6108612,32450,599,6362,22752,173380,30086,123356,19938,531.2172388752142,2838.287977694442,9.80582823070118,104.1480454152269,372.45776945728426
2017,MS,Mississippi,2989663,7661,190,2492,4321,82764,22449,55968,4347,256.2496174317975,2768.338772630895,6.355231342127858,83.35387633990855,144.53134015439198
2017,MT,Montana,1053090,3937,41,234,3023,27294,3623,21073,2598,373.8521873723993,2591.8012705466767,3.893304465905098,22.220323049312025,287.05998537636856
2017,NC,North Carolina,10270800,38043,622,9884,25593,265483,65247,184119,16117,370.39957939011566,2584.8327296802586,6.05600342719165,96.23398372083966,249.18214744713168
2017,ND,North Dakota,755176,2133,10,183,1534,16653,2947,11944,1762,282.4507134760638,2205.1813087280316,1.324194624829179,24.232761634373976,203.13145544879606
2017,NE,Nebraska,1917575,5979,42,1020,3726,43856,6513,32064,5279,311.80005997157866,2287.05526511349,2.190266352033167,53.192182835091195,194.30791494465666
2017,NH,New Hampshire,1349767,2642,13,441,1569,18550,2554,15087,909,195.7374865439739,1374.3112700191957,0.9631291919271993,32.6723056646073,116.2422847795212
2017,NJ,New Jersey,8888543,20604,324,7895,10880,140086,23891,104025,12170,231.80402007393113,1576.0288272217392,3.64514184158191,88.82220629410241,122.40476307534317
2017,NM,New Mexico,2093395,16300,144,3732,11180,81865,17872,52284,11709,778.6394827540909,3910.6332058689354,6.878778252551477,178.27500304529246,534.0607004411495
2017,NV,Nevada,2972405,16663,266,4841,9660,78320,20049,45459,12812,560.5898254107365,2634.9033863151217,8.948982389681083,162.864750934008,324.98936046736566
2017,NY,New York,19590719,70746,550,20122,43777,293390,34928,245093,13369,361.1199772708699,1497.5968977963494,2.8074518347182664,102.71190148763812,223.4578526699301
2017,OH,Ohio,11664129,34621,741,11224,16823,280557,57521,202320,20716,296.81599028954497,2405.297472275898,6.352810398444667,96.2266449556585,144.22851461947994
2017,OK,Oklahoma,3932640,17989,243,3007,12519,113611,28749,72546,12316,457.42808901908137,2888.9244883843935,6.17905529110216,76.46263070100493,318.3357744415965
2017,OR,Oregon,4146592,11629,105,2474,7058,122524,17415,88091,17018,280.4471720391107,2954.8120480626017,2.5321999367191177,59.66345374707712,170.21206812727175
2017,PA,Pennsylvania,12790447,40030,742,11777,23295,210316,31925,165434,12957,312.96795178464055,1644.320952973731,5.801204602153467,92.07653180533877,182.12811483445418
2017,RI,Rhode Island,1056486,2474,21,474,1525,18585,3219,13882,1484,234.17253044526856,1759.1335805680342,1.9877215599638802,44.865715210613295,144.34644661642463
2017,SC,South Carolina,5021219,25412,380,3884,18572,160368,31165,114931,14272,506.09224572758126,3193.80612556433,7.5678834163576605,77.35173470824515,369.8703442331434
2017,SD,South Dakota,873286,3753,27,264,2887,16588,2835,12285,1468,429.7561165528819,1899.4922625577417,3.091770622682603,30.230646088452122,330.59043658091394
2017,TN,Tennessee,6708794,43940,538,7867,32507,198028,38819,140636,18573,654.961234463303,2951.76748607872,8.019325082868844,117.26399707607656,484.54312354798793
2017,TX,Texas,28322717,123984,1405,32120,75923,723143,133458,521767,67918,437.75461231350084,2553.2260905618623,4.960682267877054,113.40719889267686,268.06397140500326
2017,UT,Utah,3103118,7515,74,1498,4185,86201,11780,64955,9466,242.1757728839187,2777.883406302951,2.384698229329339,48.27402631804527,134.86435256409843
2017,VA,Virginia,8465207,17811,470,4331,9984,152515,18524,123812,10179,210.40241544004772,1801.6688782684225,5.552138299748606,51.16236377917279,117.94159315891507
2017,VT,Vermont,624525,1082,17,100,711,9339,1945,7169,225,173.25167127016533,1495.3764861294585,2.722068772266923,16.012169248628958,113.84652335775188
2017,WA,Washington,7425432,22483,226,5386,13571,235206,43687,162154,29365,302.78373029340247,3167.573280584887,3.043593961940531,72.53450034960929,182.76377724555286
2017,WI,Wisconsin,5792051,18638,192,4370,11899,104908,17570,77868,9470,321.78584062882044,1811.2409576504074,3.3148879386593797,75.44823068719526,205.43672699014564
2017,WV,West Virginia,1817048,6564,98,673,5000,32560,7557,21917,3086,361.2452725519634,1791.9174397154065,5.393363301354725,37.038096957262546,275.17159700789415
2017,WY,Wyoming,578934,1358,14,98,993,10528,1556,8211,761,234.56905277630955,1818.514718430771,2.4182376574877273,16.927663602414093,171.5221424203795
2018,AK,Alaska,735139,6555,47,896,4400,24345,3985,16364,3996,891.6681063037057,3311.6186190638773,6.393348740850369,121.88171216599854,598.5262651008857
2018,AL,Alabama,4887681,25567,383,4047,19105,138702,29101,96328,13273,523.090602680494,2837.787490632061,7.836026942020152,82.80000270066725,390.88066508432115
2018,AR,Arkansas,3009733,16904,222,1593,12748,89177,19520,62350,7307,561.6445046786542,2962.9538567042327,7.376069571619809,52.928283007163756,423.5591662117537
2018,AZ,Arizona,7158024,34053,383,6509,23556,192730,31787,141789,19154,475.73185001894376,2692.502847154466,5.350638667878174,90.93291668203403,329.0852335784289
2018,CA,California,39461588,176604,1739,54328,105031,941644,164645,621779,155220,447.5339411074891,2386.229363096082,4.406817079941131,137.67312151756286,266.160094723
2018,CO,Colorado,5691287,22851,215,3781,14527,154292,21757,110518,22017,401.50848129781536,2711.021250553697,3.7777044102678357,66.43488546615202,255.24982310679462
2018,CT,Connecticut,3571520,7485,86,2205,4321,59356,7983,44181,7192,209.57463488934684,1661.9254547083594,2.4079383567780663,61.73841949646089,120.98490278648866
2018,DC,District of Columbia,701547,6995,160,2415,3970,30726,1788,26345,2593,997.0821627061338,4379.749325419394,22.80673996182722,344.23923129882957,565.8922353028379
2018,DE,Delaware,965479,4079,46,861,2838,22405,3154,17780,1471,422.48459055038995,2320.6097698655276,4.764474421504766,89.17853210686096,293.94735670066365
2018,FL,Florida,21244317,81980,1107,16884,55551,486017,71933,372919,41165,385.8914362838777,2287.7506487970404,5.21080531795868,79.47537216658931,261.4864012808696
2018,GA,Georgia,10511131,35619,647,8499,23675,277803,46816,205631,25356,338.86933765738434,2642.941087881028,6.155379473436303,80.85714087285184,225.2374173626035
2018,HI,Hawaii,1420593,3622,40,951,1922,41027,5709,29600,5718,254.96394815404554,2888.0192989828893,2.8157255455996193,66.94387484663095,135.2956124660617
2018,IA,Iowa,3148618,8303,70,989,6118,57024,12433,39498,5093,263.7029960446139,1811.080289828744,2.223197606060818,31.410606177059268,194.30747076971548
2018,ID,Idaho,1750536,4196,34,195,3040,25822,4990,18876,1956,239.69801249445885,1475.0910578245748,1.9422622556748332,11.13944528989978,173.6610958015145
2018,IL,Illinois,12723071,52343,902,14251,31084,246679,39317,187517,19845,411.4022471461489,1938.8322206171763,7.089483348792127,112.00912106833327,244.3120847160249
2018,IN,Indiana,6695497,25009,418,5737,16368,146948,25894,105861,15193,373.51969540125253,2194.728785630103,6.243001826451419,85.68445329749233,244.4628083620977
2018,KS,Kansas,2911359,12861,122,1420,9655,77449,12792,56726,7931,441.75245993365985,2660.235305917271,4.190482863844686,48.77447267753651,331.6320659870528
2018,KY,Kentucky,4461153,9719,250,2469,5125,89235,17462,61313,10460,217.8584773936245,2000.2676438131577,5.603932436300661,55.34443674090532,114.88061494416354
2018,LA,Louisiana,4659690,25314,533,4600,18076,152996,31291,110066,11639,543.2550234028444,3283.3943888971157,11.438529172541521,98.719013496606,387.92280173144565
2018,MA,Massachusetts,6882635,23424,138,4084,16737,87658,14095,66968,6595,340.33477004083466,1273.6110515812622,2.005046032515163,59.33773910718787,243.17721337830642
2018,MD,Maryland,6035802,28330,491,9716,16132,122945,18910,91887,12148,469.36595998344546,2036.928978120886,8.134793023362926,160.97280858450958,267.2718555048691
2018,ME,Maine,1339057,1500,23,228,802,18201,2712,14712,777,112.01912988020675,1359.2401219664287,1.71762665816317,17.026907741791426,59.89289477595054
2018,MI,Michigan,9984072,45176,555,5638,31082,166186,31834,116876,17476,452.4807112769219,1664.5112334927073,5.558854142878777,56.469945328919906,311.3158639080327
2018,MN,Minnesota,5606249,12403,107,2946,6875,112186,16206,85849,10131,221.23526800183154,2001.0884282877912,1.9085845098924432,52.54850435647792,122.63101407019204
2018,MO,Missouri,6121623,30696,599,5206,21956,162698,27345,115506,19847,501.43564868336387,2657.7592249637064,9.784986759230355,85.04280645835263,358.6630538992682
2018,MS,Mississippi,2981020,7929,214,1700,5419,71701,20355,46201,5145,265.9827844160724,2405.2505518245434,7.178750897343862,57.027460399460594,181.78341641451584
2018,MT,Montana,1060665,4040,37,270,3164,26787,3329,20641,2817,380.8931189395332,2525.491083424078,3.48837757444622,25.455728245958902,298.3034228526443
2018,NC,North Carolina,10381615,36980,574,7573,26200,243323,57450,169376,16497,356.2066210315062,2343.7875513588206,5.529004880261886,72.94626125126004,252.36921230463662
2018,ND,North Dakota,758080,2154,18,158,1569,15621,2742,11088,1791,284.13887716336006,2060.600464330941,2.3744195863233433,20.842127479949347,206.97024060785142
2018,NE,Nebraska,1925614,5583,44,736,3513,40193,5308,29987,4898,289.9334965366891,2087.2822902201583,2.284985464376557,38.221575040480595,182.4353167353374
2018,NH,New Hampshire,1353465,2404,21,342,1463,17201,1908,14396,897,177.61818739309845,1270.8862068838132,1.5515731843823077,25.268477574226154,108.09293184530077
2018,NJ,New Jersey,8886025,18536,285,6364,10463,125155,19232,94886,11037,208.5972074127633,1408.4475341899217,3.2072833466032336,71.61807444836133,117.74668651056011
2018,NM,New Mexico,2092741,17637,153,2646,13536,70722,16102,44592,10028,842.7703189262312,3379.39573028865,7.310985927068853,126.43705073872019,646.8072255477385
2018,NV,Nevada,3027341,16715,202,3862,10322,73998,17741,44341,11916,552.1346951004198,2444.3232526497673,6.672522190265319,127.57069652873595,340.9592774649436
2018,NY,New York,19530351,68512,562,18191,43182,281543,31158,237243,13142,350.79758679196294,1441.5665135767401,2.877572451206842,93.14220722402787,221.10201706052288
2018,OH,Ohio,11676341,34426,596,9608,18370,257848,49456,188433,19959,294.83551396794593,2208.294533364519,5.104338765029216,82.2860517691287,157.32668307648774
2018,OK,Oklahoma,3940235,18701,215,2805,13250,114395,27178,73799,13418,474.6163617144663,2903.2532323579685,5.456527339105409,71.18864737763103,336.2743592704496
2018,OR,Oregon,4181886,12146,86,2515,7431,122401,16515,89191,16695,290.443115857295,2926.932967565352,2.0564883882535296,60.14032902857706,177.6949443385114
2018,PA,Pennsylvania,12800922,39099,784,9854,23971,190633,27054,150441,13138,305.43893635161595,1489.2130426230235,6.124558840371029,76.97883011864302,187.2599489318035
2018,RI,Rhode Island,1058287,2326,16,453,1363,17625,2817,13270,1538,219.789149824197,1665.4272423265143,1.511877212892155,42.805023590009135,128.79304007325047
2018,SC,South Carolina,5084156,25463,411,3592,18810,156330,29957,111427,14946,500.83042298466063,3074.8466412124253,8.083937628979127,70.65086122455723,369.9729119248111
2018,SD,South Dakota,878698,3483,12,222,2632,15191,2502,11237,1452,396.38191961288175,1728.8078497959482,1.3656569151175943,25.264652929675496,299.5340833824591
2018,TN,Tennessee,6771631,42687,508,7222,31946,192897,33538,138710,20649,630.3798892763058,2848.6047157619782,7.501885439416294,106.65082016430014,471.7622682039231
2018,TX,Texas,28628666,118197,1327,28339,73433,681143,117897,493238,70008,412.8624086082111,2379.234156422098,4.635214228982936,98.98819595715706,256.50164768417784
2018,UT,Utah,3153550,7551,63,1237,4397,76294,10079,58406,7809,239.44443563602923,2419.3052274420893,1.9977485690729495,39.22563460227363,139.430166003393
2018,VA,Virginia,8501286,17357,417,3610,10258,142931,15659,116496,10776,204.16911041458903,1681.2868076665106,4.9051402340775265,42.46416365712199,120.664097173063
2018,VT,Vermont,624358,1155,11,73,745,8211,1496,6451,264,184.99002175034195,1315.1108818978855,1.7618097309556375,11.692010032705594,119.32256814199546
2018,WA,Washington,7523869,23719,236,5557,14316,223256,40434,154941,27881,315.25003957405426,2967.303125559469,3.1366840650734353,73.85827690514017,190.27444523555636
2018,WI,Wisconsin,5807406,17365,175,3493,11364,91238,14180,68380,8678,299.014740832654,1571.0628807422795,3.0133935874295683,60.14733600509418,195.6811698717121
2018,WV,West Virginia,1804291,5411,76,333,4286,27888,5916,19783,2189,299.89619191139343,1545.64867862224,4.2121808510933105,18.45600293965885,237.5448306287622
2018,WY,Wyoming,577601,1235,14,75,885,10308,1551,7974,783,213.81541929463418,1784.6229490599912,2.42381851831974,12.984742062427175,153.21995633664068
2019,AK,Alaska,733603,6346,69,826,4349,21293,3558,15118,2617,865.0455355280718,2902.523572013746,9.405632201613134,112.594959399021,592.827455721964
2019,AL,Alabama,4907965,24769,390,3922,18338,128726,24805,91225,12696,504.66945057676656,2622.797839837896,7.946266935481407,79.91092031014891,373.6375463150206
2019,AR,Arkansas,3020985,17547,237,1576,13314,86029,17706,60843,7480,580.8370448711264,2847.713576863175,7.845123362082235,52.16841526852996,440.7171833027969
2019,AZ,Arizona,7291843,32603,397,6305,22251,177628,29170,130427,18031,447.11604459942436,2435.9822338467793,5.444439766462334,86.46648042202774,305.14919204925286
2019,CA,California,39437610,174341,1690,52306,105544,921177,152551,626865,141761,442.0678636458954,2335.783025391245,4.285249537180372,132.62974100103935,267.62270837406226
2019,CO,Colorado,5758486,22149,229,3716,14117,150564,20266,108575,21723,384.63234954465463,2614.6455856626203,3.9767397194331986,64.53085064372823,245.15124287877057
2019,CT,Connecticut,3566022,6583,107,1942,3737,51076,6468,38616,5992,184.60346010204086,1432.2962673814127,3.000542341017526,54.45844136687883,104.79464232133172
2019,DC,District of Columbia,708253,7403,166,2714,4178,30819,1843,26643,2333,1045.247955179858,4351.41114827611,23.437952257173638,383.1964001564413,589.9021959666956
2019,DE,Delaware,976668,4128,47,789,2963,21932,2984,17343,1605,422.6615390286156,2245.594203966957,4.812280119754103,80.78487264863801,303.3784254219448
2019,FL,Florida,21492056,81291,1122,16234,55472,460966,63338,358537,39091,378.2374287504183,2144.820393172249,5.220533577615841,75.53488600625272,258.1046689995597
2019,GA,Georgia,10628020,34666,605,7488,23568,294817,37476,234850,22491,326.17552469792116,2773.9597780207414,5.692499637750023,70.45526824375565,221.753440433872
2019,HI,Hawaii,1415615,3745,37,1079,2004,40617,5534,29878,5205,264.54933014979355,2869.212321146639,2.6137049974745956,76.2212889804078,141.56391391727269
2019,IA,Iowa,3159596,9086,70,919,6732,58446,12406,40479,5561,287.5684106449052,1849.7934546062218,2.215473117449193,29.085997070511542,213.06521466668525
2019,ID,Idaho,1789060,4162,28,161,3055,22244,4045,16591,1608,232.63613294132114,1243.334488502342,1.5650676891775568,8.999139212770952,170.76006394419414
2019,IL,Illinois,12667017,52601,851,12660,32929,235033,34789,181225,19019,415.25956742617467,1855.4723657511472,6.718235240388483,99.94460416371115,259.9585995661015
2019,IN,Indiana,6731010,25006,373,5335,16745,131097,21586,95745,13766,371.5044250417099,1947.6571866629229,5.541516057768448,79.26002189864522,248.77395814298302
2019,KS,Kansas,2912635,11811,95,1157,9059,66306,9996,49420,6890,405.50910086571093,2276.4953384134983,3.2616513912659846,39.72348062836573,311.02421003661635
2019,KY,Kentucky,4472345,9872,229,2162,5808,85387,15567,59535,10285,220.73431275986087,1909.222119492123,5.120356323136968,48.341530002716695,129.86475775012886
2019,LA,Louisiana,4658285,26072,547,4129,19114,148429,27440,110123,10866,559.6909592264105,3186.3443305851833,11.742518974257694,88.63777119691045,410.32268313338494
2019,MA,Massachusetts,6894883,22662,153,3625,16640,81399,12323,62944,6132,328.6785287001969,1180.5711568999793,2.2190369292705907,52.5752213634372,241.33839544485383
2019,MD,Maryland,6054954,27511,545,9215,15807,118091,16872,89938,11281,454.35522714127967,1950.3203492545113,9.000894143869631,152.18943034084157,261.058960976417
2019,ME,Maine,1345770,1562,22,192,828,16791,2360,13705,726,116.06738149906744,1247.687197663791,1.6347518520995414,14.266925254686909,61.526115160837286
2019,MI,Michigan,9984795,43793,576,5352,30509,158317,28574,111900,17843,438.59688656602367,1585.5808757215345,5.768771416939456,53.601501082395785,305.55459576285745
2019,MN,Minnesota,5640053,13395,127,3155,7614,117971,16026,90685,11260,237.4977681947315,2091.664741448352,2.251751889565577,55.93919064235743,134.9987313949
2019,MO,Missouri,6140475,30680,576,4995,22090,163223,26617,115324,21282,499.6356145086496,2658.1494102654924,9.380381810853395,81.34549851599428,359.744156600263
2019,MS,Mississippi,2978227,7779,298,1620,4937,69727,18341,45665,5721,261.1956711157343,2341.225165173776,10.005953206387558,54.39477917566391,165.76976838904488
2019,MT,Montana,1070123,4472,32,209,3552,23929,2968,18547,2414,417.89588673451556,2236.0980933967403,2.990310459638752,19.5304651895156,331.92446101990146
2019,NC,North Carolina,10501384,39773,653,7700,28056,251135,54033,178332,18770,378.74055457832986,2391.446689312571,6.218227997376346,73.32366857549444,267.1647851368924
2019,ND,North Dakota,763724,2302,25,184,1629,15270,2646,10785,1839,301.417789672709,1999.413400652592,3.273433858304833,24.092473197123567,213.29695020714288
2019,NE,Nebraska,1932571,5887,45,795,3763,39553,4763,29817,4973,304.6201148625329,2046.651843580391,2.328504360253776,41.13691036448337,194.71470905855463
2019,NH,New Hampshire,1360783,2152,33,327,1186,16552,1783,13826,943,158.14424489429982,1216.3585229974212,2.425074387319653,24.030282565258382,87.15570373821542
2019,NJ,New Jersey,8891258,18382,263,5730,10852,118637,16399,91902,10336,206.74239798237772,1334.3106228612419,2.957961629276757,64.44532371009817,122.05246996544247
2019,NM,New Mexico,2099634,17302,185,2477,13285,66744,14640,42749,9355,824.0483817655838,3178.8397406405115,8.811059451313897,117.97294195083524,632.7293233011086
2019,NV,Nevada,3090771,15334,144,3289,9746,72028,15630,45127,11271,496.12216498731226,2330.421762078135,4.659031678503519,106.41357771248663,315.3258523520507
2019,NY,New York,19463131,70260,565,18165,44888,269787,28065,228672,13050,360.9902230016332,1386.1438840441447,2.902924508908664,93.33030744128476,230.6309298334374
2019,OH,Ohio,11696507,34618,584,8861,19323,240540,44232,177610,18698,295.9687024510822,2056.5114012243143,4.992943619834537,75.75765995779766,165.20316706517596
2019,OK,Oklahoma,3960676,17279,275,2383,12258,113504,26820,73199,13485,436.26391050416646,2865.773418477048,6.943259181008494,60.166496830339064,309.4926219665532
2019,OR,Oregon,4216116,12382,117,2329,8050,117567,15127,86922,15518,293.6826216356476,2788.51435776435,2.775065961183231,55.24041558628843,190.9340255344018
2019,PA,Pennsylvania,12798883,39160,676,9749,24390,179670,23324,143937,12409,305.9642001571543,1403.794377993767,5.281710911803788,76.17070958457859,190.56350464333488
2019,RI,Rhode Island,1058158,2357,26,421,1412,16312,2321,12628,1363,222.7455635169795,1541.546725536262,2.4570999793981616,39.78611889717793,133.43942965039247
2019,SC,South Carolina,5157702,26307,455,3325,19999,151970,27439,109366,15165,510.0527327868109,2946.4672445209126,8.821758217128481,64.46669466363122,387.7502034820934
2019,SD,South Dakota,887127,3523,16,190,2670,15686,2662,11265,1759,397.1246506982653,1768.179753293497,1.803574910920308,21.417452067178655,300.9715632598264
2019,TN,Tennessee,6830325,40908,515,6164,31286,181801,29969,132540,19292,598.9173282384074,2661.6742248721694,7.539904762950519,90.24460768704272,458.04555420130083
2019,TX,Texas,28986794,122263,1432,29126,76402,697305,114494,504461,78350,421.7886255375465,2405.595458400815,4.940180690558604,100.48023938073318,263.57519910618606
2019,UT,Utah,3203383,7588,77,1130,4516,69469,8658,54078,6733,236.8745791558487,2168.6136187898855,2.403708829072265,35.27520749158,140.97596197519934
2019,VA,Virginia,8556642,17916,447,3520,11034,140944,13972,116656,10316,209.38120351418232,1647.18823108411,5.224011943002874,41.13763319769601,128.9524558816414
2019,VT,Vermont,624046,1293,11,71,913,8968,1286,7378,304,207.1962643779465,1437.0735490652933,1.7626905708874026,11.377366412091417,146.30331738365442
2019,WA,Washington,7614024,23095,205,5356,14037,207539,34976,147778,24785,303.3218702751659,2725.746596018085,2.6924002340943503,70.34388123809434,184.35718090723117
2019,WI,Wisconsin,5824581,17305,189,2994,11764,85796,12572,65687,7537,297.10291607241794,1472.998658615959,3.2448686008487138,51.40283910550819,201.97160963166277
2019,WV,West Virginia,1795263,5725,100,347,4460,27327,5282,19825,2220,318.89478031909533,1522.1725173414702,5.570214503390311,19.32864432676438,248.43156685120786
2019,WY,Wyoming,580116,1247,13,67,844,9097,1394,6981,722,214.95700859828034,1568.1346489322825,2.240931124120004,11.549414255080018,145.48814375056023
2020,AK,Alaska,731158,6126,49,712,4233,16528,2775,11784,1969,837.849001173481,2260.523717171938,6.701697854636071,97.37977290818127,578.9446330341732
2020,AL,Alabama,4921532,22322,471,2666,17577,105161,19660,74575,10926,453.5579571564302,2136.7533524114033,9.570190745483318,54.170124262120005,357.1448890304889
2020,AR,Arkansas,3030522,20363,321,1577,16239,79200,15854,55413,7933,671.9304463059499,2613.411154909946,10.592234605127434,52.03723978905284,535.8482796033159
2020,AZ,Arizona,7421401,35980,513,6211,25993,165323,24488,122898,17937,484.8141206761365,2227.652164328541,6.912441464893218,83.69039754084169,350.2438420993557
2020,CA,California,39368078,174026,2203,44728,113646,842054,145529,528202,168323,442.04850437453405,2138.9258576453744,5.595904377145361,113.61489377256365,288.67551014301483
2020,CO,Colorado,5807719,24570,294,3964,16660,164582,23246,110884,30452,423.0576582648024,2833.8492272095123,5.062228389493362,68.25399093861118,286.8596087379572
2020,CT,Connecticut,3557006,6459,140,2033,3692,55670,6656,40592,8422,181.5852995468661,1565.0802950571353,3.93589440107776,57.154809409936334,103.7951580627078
2020,DC,District of Columbia,712816,7127,201,2373,4242,24899,1964,19536,3399,999.8372651567865,3493.0472941123653,28.198020246459112,332.9049852977487,595.1044869924357
2020,DE,Delaware,986809,4262,73,700,3228,19355,2508,15182,1665,431.89715537657236,1961.3724641749316,7.39758149753397,70.93571299005177,327.1149736169816
2020,FL,Florida,21733312,83368,1290,13521,60871,384556,52293,293992,38271,383.59546855996916,1769.4311847177273,5.935588648430575,62.21325125227117,280.08156327024614
2020,GA,Georgia,10710017,42850,943,7016,31471,214988,31139,158343,25506,400.0927356137717,2007.3544234336882,8.80484129950494,65.50876623258394,293.84640565930005
2020,HI,Hawaii,1407006,3576,41,867,2099,33928,4630,23954,5344,254.15669869211644,2411.361429873078,2.9139889950718048,61.620206310420855,149.18202196721265
2020,IA,Iowa,3163561,9601,111,943,7258,53725,11739,35751,6235,303.48711467868014,1698.244478295187,3.5087042734437555,29.808181350067215,229.42500555544845
2020,ID,Idaho,1826913,4432,41,174,3385,20313,3731,14815,1767,242.59502231359676,1111.8756065559771,2.244222904976865,9.52426306014572,185.28523252065096
2020,IL,Illinois,12587530,53612,1151,12261,35110,196287,31020,143935,21332,425.91358272830337,1559.3766211480727,9.143970262632939,97.405924752513,278.92684267683967
2020,IN,Indiana,6754953,24161,505,4215,17093,120453,18938,86080,15435,357.6782843640807,1783.1804307150621,7.475995761924621,62.39865769606391,253.04395160114365
2020,KS,Kansas,2913805,12385,100,928,10094,64077,9655,47193,7229,425.0456018848207,2199.083329186408,3.4319386506646805,31.84839067816824,346.4198873980929
2020,KY,Kentucky,4477251,11600,323,2369,7537,79673,15407,52769,11497,259.08755171421035,1779.5071127350243,7.21424820721465,52.91193189749693,168.33990321293132
2020,LA,Louisiana,4645318,29704,734,3747,23087,133989,23698,97891,12400,639.4395389077777,2884.388108628946,15.800855829460975,80.66186211579057,496.9950388757024
2020,MA,Massachusetts,6893574,21288,160,3015,16262,72602,10323,55444,6835,308.809334606403,1053.1837331404581,2.3210021390935967,43.73638405854496,235.90085491212542
2020,MD,Maryland,6055802,24215,553,7174,14756,97487,15261,71757,10469,399.86446056195365,1609.8115493208002,9.131738455121221,118.46490357511688,243.66714763791813
2020,ME,Maine,1350141,1466,22,170,788,15610,2009,12739,862,108.58125188406248,1156.1755401843216,1.6294594416435026,12.591277503608882,58.364274546139995
2020,MI,Michigan,9966555,47641,754,4438,36384,135633,23231,94017,18385,478.008700097476,1360.88146806996,7.565302153050879,44.52892699633925,365.06094633501743
2020,MN,Minnesota,5657342,15698,190,3877,9420,120212,17370,88696,14146,277.48013112871735,2124.88479572209,3.358467633740368,68.53041587374425,166.5092900517593
2020,MO,Missouri,6151548,33385,723,4575,25426,155698,23300,108209,24189,542.7089246479098,2531.0377160350536,11.753139209837913,74.37152404565485,413.32685691471477
2020,MS,Mississippi,2966786,8638,315,1419,5756,62351,14488,41780,6083,291.1568276242371,2101.634563463627,10.61755044010589,47.82953674447702,194.01466772460165
2020,MT,Montana,1080577,5077,54,279,4146,22917,2919,17322,2676,469.8415753805606,2120.8113813268283,4.997330130106415,25.81953900554981,383.68390221150366
2020,NC,North Carolina,10600823,44451,852,7340,33337,236026,49952,165554,20520,419.31650023776456,2226.4875095075167,8.0371118355622,69.23990712796544,314.475583641006
2020,ND,North Dakota,765309,2518,32,151,1939,16256,3196,10986,2074,329.0174295611315,2124.10934668219,4.181317611579114,19.730592479638943,253.36171402662194
2020,NE,Nebraska,1937552,6473,69,799,4442,36991,4455,27488,5048,334.0813562681156,1909.1616637901848,3.5611947447087875,41.23760291336697,229.2583631303831
2020,NH,New Hampshire,1366275,2000,12,280,1166,15014,1412,12558,1044,146.38341475910778,1098.9002945966222,0.8783004885546468,20.49367806627509,85.34153080455984
2020,NJ,New Jersey,8882371,17353,329,4384,11363,102875,12983,79614,10278,195.36450346422143,1158.1930095016298,3.703965979353936,49.35619104403543,127.92755447841573
2020,NM,New Mexico,2106319,16393,164,2086,12973,59859,13665,37188,9006,778.2771745400388,2841.8772275234664,7.786095078665673,99.03533130546703,615.9086064361571
2020,NV,Nevada,3138259,14445,180,2785,9629,60462,11574,38332,10556,460.2870572505329,1926.6096265477133,5.735664264804147,88.74347209710862,306.82617336555074
2020,NY,New York,19336776,70339,808,17525,46538,272788,32003,221129,19656,363.757639846477,1410.721208126939,4.178566271854212,90.63041326020429,240.6709370786526
2020,OH,Ohio,11693217,36104,820,7826,22406,216363,37279,159007,20077,308.7601983269446,1850.3291267065345,7.0126125257061425,66.92768978801983,191.61536128167296
2020,OK,Oklahoma,3980783,18255,296,2351,13506,107705,24415,68243,15047,458.57812395199636,2705.623491659807,7.435723072571402,59.05873291761947,339.2799858721262
2020,OR,Oregon,4241507,12380,125,2180,8510,112782,14386,81811,16585,291.8773916912079,2659.0077536121007,2.947065748093779,51.3968266467555,200.6362361302245
2020,PA,Pennsylvania,12783254,49793,1009,10728,33828,210167,31774,162919,15474,389.51741082513104,1644.0806073320612,7.893138945686286,83.92229396364964,264.627457140412
2020,RI,Rhode Island,1057125,2440,32,336,1665,13166,1763,9894,1509,230.81470970793424,1245.4534704978125,3.0270781601040557,31.784320681092584,157.50266051791417
2020,SC,South Carolina,5218040,27691,549,3122,21934,141987,23377,103892,14718,530.678185678914,2721.0791791553916,10.521191865144766,59.83089435880139,420.34940322419914
2020,SD,South Dakota,892717,4476,40,274,3563,17468,3036,12117,2315,501.39069828400267,1956.7231272620552,4.480703291188585,30.692817544641805,399.11864566262324
2020,TN,Tennessee,6886834,46328,663,5575,37412,171675,26479,124098,21098,672.7038868658661,2492.8000297379026,9.627065208773727,80.95156642370064,543.2394624293253
2020,TX,Texas,29360759,131084,1931,26834,88810,659160,108851,466033,84276,446.4598479896245,2245.037330267927,6.576805456561937,91.39409509134283,302.4785564978072
2020,UT,Utah,3249879,8471,102,1362,5198,80091,9444,60359,10288,260.65585826426155,2464.430214171051,3.1385783901492945,41.90925262140529,159.94441639211797
2020,VA,Virginia,8590563,17925,524,2947,12175,125114,11465,102796,10853,208.65919963569328,1456.4121117556556,6.099716630912316,34.30508570858511,141.7252862239646
2020,VT,Vermont,623347,1081,14,64,790,7586,961,6361,264,173.41865766579448,1216.9786651736513,2.245940062276709,10.267154570407815,126.73518922847146
2020,WA,Washington,7693612,22596,301,5183,14435,210223,40167,142657,27399,293.6982005331176,2732.4356882047077,3.9123366242020006,67.36757715361783,187.62318661247798
2020,WI,Wisconsin,5832655,18861,308,3081,13452,86654,12744,64517,9393,323.36903177026585,1485.6699050432435,5.2806140599778315,52.8232854506224,230.6325335546162
2020,WV,West Virginia,1784787,6352,117,369,5034,24976,4877,17828,2271,355.8968100955464,1399.3826714336221,6.555404090235978,20.674735976898084,282.05046316451205
2020,WY,Wyoming,582328,1364,18,66,947,9379,1225,7190,964,234.2322539874435,1610.6043329532495,3.091041474907612,11.333818741327912,162.62312648541715
2021,AK,Alaska,734182,5573,45,540,3820,13456,2312,9355,1789,759.0760874006718,1832.7880552778468,6.129270398892917,73.551244786715,520.3069538615766
2021,AL,Alabama,5049846,17590,476,1570,14175,74271,13584,50982,9705,348.32745394612033,1470.7577221166744,9.426030021509566,31.090057003718528,280.7016293170128
2021,AR,Arkansas,3028122,21271,334,1282,17194,76580,14662,53436,8482,702.4485803412148,2528.9601938098926,11.029938688071352,42.336471251818786,567.8106760559846
2021,AZ,Arizona,7264877,30922,485,5269,21849,153641,20717,115305,17619,425.6369378311566,2114.8465417927932,6.675956110475098,72.52703658988307,300.7483815624133
2021,CA,California,39142991,188343,2346,44649,126709,847567,134873,534827,177867,481.16660272588774,2165.309748557539,5.993410161221456,114.06639824738994,323.70801710068605
2021,CO,Colorado,5811297,27916,360,4328,18942,182850,24429,117067,41354,480.37469088225913,3146.4576668513073,6.194830517180589,74.47562910654885,325.9513323789853
2021,CT,Connecticut,3623355,6109,155,1968,3181,55018,5297,42073,7648,168.6006477422168,1518.4269827273342,4.277803306603962,54.314302628365155,87.79156334391745
2021,DC,District of Columbia,668791,6362,274,2618,3163,27669,1831,21755,4083,951.2687820260738,4137.1669176170135,40.96945084488278,391.4526361748289,472.94296723490595
2021,DE,Delaware,1004807,4212,97,565,3227,18904,2394,14844,1666,419.1849778116594,1881.356320168948,9.653595168027293,56.229703813767216,321.1562021363307
2021,FL,Florida,21828069,73632,937,8432,57492,331252,32959,276677,21616,337.3271359917361,1517.5506362931142,4.292638070733605,38.629161379323115,263.3856435033259
2021,GA,Georgia,10788029,37741,851,4577,28718,172761,21980,130062,20719,349.8414770668488,1601.4139376154808,7.88837330711662,42.42665643557317,266.20247313017046
2021,HI,Hawaii,1447154,3965,23,888,2378,36660,4808,25555,6297,273.98604433253126,2533.248016451601,1.5893263605670165,61.36181774710916,164.32252545340717
2021,IA,Iowa,3197689,9434,73,692,7117,48232,8515,33661,6056,295.0255637743383,1508.3393037909566,2.282898680891106,21.640628591460896,222.566985094548
2021,ID,Idaho,1904314,4585,43,158,3293,18371,3090,13557,1724,240.76911685782912,964.7043502279561,2.2580309759840027,8.296951028034242,172.92316288175164
2021,IL,Illinois,12686469,43739,1150,10860,25088,176763,24989,129894,21880,344.76890299420586,1393.3191339528753,9.06477602239047,85.60301530709609,197.75400073889747
2021,IN,Indiana,6813532,22661,490,3189,16538,105814,14441,77079,14294,332.5881495823312,1552.9977697323502,7.191571126399641,46.803919024670314,242.72286385387198
2021,KS,Kansas,2937922,13071,142,979,10466,66020,9770,48381,7869,444.90629771654926,2247.1665347139915,4.833348196446332,33.322872424795484,356.23818467610784
2021,KY,Kentucky,4506589,12121,374,2227,7804,73175,13063,49080,11032,268.9617358050623,1623.7336042847485,8.298959590058024,49.41653210443641,173.16866481500753
2021,LA,Louisiana,4627098,30666,907,2778,25100,117013,22887,81029,13097,662.7480118208,2528.86366357488,19.601918956546847,60.037630497560244,542.4566326453428
2021,MA,Massachusetts,6989690,21043,134,2616,16237,69918,9596,53513,6809,301.05770069917264,1000.301873187509,1.9171093424744157,37.426552536664715,232.29928652057532
2021,MD,Maryland,6174610,26866,680,7425,16565,93975,13022,69005,11948,435.1044033550297,1521.958471871098,11.012841296859234,120.25050974879385,268.2760530624606
2021,ME,Maine,1377238,1555,20,161,852,15621,1739,12985,897,112.90713732847917,1134.2266187833911,1.4521818305913718,11.690063736260544,61.862945983192446
2021,MI,Michigan,10037504,49295,761,4039,37708,137199,20654,94899,21646,491.1081480017343,1366.8637143257924,7.581566094519116,40.23908732688923,375.6710831696804
2021,MN,Minnesota,5711471,17643,203,3999,10839,116831,14735,87732,14364,308.9046587122652,2045.5500868340225,3.55425073505582,70.0169886181686,189.77597890280805
2021,MO,Missouri,6169823,32348,630,3782,24470,144792,19255,101171,24366,524.2938087526984,2346.777209005834,10.210989845251639,61.29835491228841,396.6078119258851
2021,MS,Mississippi,2949586,7532,274,820,5236,54873,11851,37367,5655,255.35787056217382,1860.362776335391,9.289439263679716,27.80051166502689,177.5164379000985
2021,MT,Montana,1106227,5197,36,289,4152,22449,2736,16674,3039,469.7950782253552,2029.3303273197998,3.2543049482610713,26.124836945762485,375.3298373661102
2021,NC,North Carolina,10565885,44328,995,5970,34068,220527,42437,158194,19896,419.5389217278061,2087.160706367711,9.417100413264011,56.502602479584056,322.433946612139
2021,ND,North Dakota,777934,2150,14,205,1495,16685,3104,11403,2178,276.37305992539217,2144.7834906303106,1.7996385297467394,26.35184989986297,192.17568585509824
2021,NE,Nebraska,1963554,5831,57,623,3947,35709,3956,27150,4603,296.9615299604696,1818.5901686431846,2.9028995382861895,31.728182672847293,201.01306101079982
2021,NH,New Hampshire,1387505,1800,13,192,895,14396,1023,12382,991,129.72926223689282,1037.5458106457274,0.9369335605997815,13.837787971935237,64.50427205667728
2021,NJ,New Jersey,9267961,17003,381,4049,11056,102821,11529,79052,12240,183.4599865062013,1109.4241764720416,4.110936591122902,43.68814240802265,119.2926901612987
2021,NM,New Mexico,2116677,17374,273,2513,13180,58682,12853,35661,10168,820.8148905099833,2772.36441837843,12.897574830737048,118.72382985216923,622.6741255278911
2021,NV,Nevada,3146402,13592,239,2364,9065,70236,12783,43850,13603,431.98548691489515,2232.264027292126,7.595977882037959,75.13343813028341,288.10685983545653
2021,NY,New York,19857492,61227,871,18000,37436,208058,29702,156745,21611,308.33198875265816,1047.7556783102318,4.38625381291857,90.64588821186483,188.52330394996508
2021,OH,Ohio,11764342,37341,883,6977,23832,202361,32044,148792,21525,317.4083174392584,1720.121703364285,7.50573215229547,59.30633434492129,202.57826574575952
2021,OK,Oklahoma,3991225,17483,304,1795,12865,104908,23937,65530,15441,438.03594134632846,2628.466197721251,7.61670915571034,44.973660968750195,322.3321160796497
2021,OR,Oregon,4256301,14526,204,2579,9868,114532,14395,80025,20112,341.28225423906815,2690.8811195448816,4.792894111577165,60.592519185085834,231.8445053580562
2021,PA,Pennsylvania,13012059,36664,1087,8207,23061,162165,18494,126373,17298,281.76939560449273,1246.267020461558,8.353789358010134,63.07226242979685,177.22790835793168
2021,RI,Rhode Island,1096985,2199,37,277,1424,13474,1507,10315,1652,200.4585295149888,1228.275682894479,3.3728811241721623,25.251028956640244,129.8103438059773
2021,SC,South Carolina,5193266,26685,590,2580,21208,129509,20125,94584,14800,513.8384977776991,2493.78714666262,11.3608661678412,49.67971985259372,408.3749994704681
2021,SD,South Dakota,896164,3511,27,176,2717,15038,2417,10528,2093,391.7809686619859,1678.0410728393463,3.012841399565258,19.63926245642539,303.1811141710669
2021,TN,Tennessee,6968351,46813,709,4940,38147,157193,23622,112838,20733,671.7945178134684,2255.8134628981807,10.174573582760111,70.89195133827215,547.4322404253173
2021,TX,Texas,29558864,133909,2087,22606,92935,642003,98387,454208,89408,453.02485237592356,2171.947474030125,7.06048784554102,76.47790524020138,314.4065347030928
2021,UT,Utah,3339113,8653,94,1103,5279,70096,7988,53536,8572,259.14067598191497,2099.2401275428533,2.8151188653992842,33.032724558887345,158.09587755790236
2021,VA,Virginia,8657365,19526,573,2920,13182,125478,10508,103506,11464,225.5420673611428,1449.3786504323198,6.618642046396333,33.72850746156596,152.26341964327483
2021,VT,Vermont,646972,1255,9,69,894,8953,1176,7299,478,193.9805741206729,1383.8311395238125,1.3910957506661803,10.665067421774049,138.18217789950725
2021,WA,Washington,7740745,25987,331,5733,16818,234972,41322,158035,35615,335.7170401556956,3035.521774712899,4.276074202160128,74.06263867366772,217.2659091599064
2021,WI,Wisconsin,5880101,19134,332,2692,13467,90409,10467,61478,18464,325.4025738673536,1537.541617057258,5.646161520014707,45.781526541806,229.02667828324715
2021,WV,West Virginia,1785526,5205,108,210,3942,24225,3839,18408,1978,291.5107368920979,1356.7430549877179,6.048637768366297,11.761240105156688,220.77527854536982
2021,WY,Wyoming,579483,1297,18,70,803,9769,1565,6907,1297,223.82019834921817,1685.813043695846,3.1062170935126656,12.079733141438144,138.57179589392615
